layer,position,p10,p50,p90,mean,std
1,0,9.765181827545167,16.263941764831543,55.203689861297605,24.087994519575602,16.837028864783292
1,1,4.064598464965821,9.063663005828857,33.08338680267334,14.532299407919249,11.370616814253365
1,2,2.870207309722901,6.777554988861084,23.204341888427734,10.804749065902499,8.88496936488293
1,3,2.5080854415893556,6.945964813232422,25.87701053619384,11.09189597238269,9.639762359079047
1,4,2.08360071182251,6.190706253051758,21.82265996932983,9.64927698995918,8.387200757029767
1,5,1.936020088195801,6.16817569732666,22.83741111755371,9.631821747149031,8.68166665980462
1,6,1.8590307235717773,5.960750579833984,20.46361389160156,9.008969633057713,8.109991419048216
1,7,1.724080276489258,5.92646336555481,21.56577310562133,9.002159732646412,8.368037005791582
1,8,1.734281349182129,5.694090843200684,20.277520608901977,8.619882744881842,7.964584611016728
1,9,1.4067783355712893,5.250463485717773,20.49486389160156,8.292523225181633,7.9511710903113
1,10,1.3539831161499023,5.268060684204102,20.426249074935914,8.20646989789274,7.867324500413459
1,11,1.3229185104370118,4.718087673187256,18.288271713256833,7.541430214386847,7.464140442192146
1,12,1.047145462036133,4.447360992431641,18.04142274856567,7.282805764331586,7.338037016492704
1,13,1.0252849578857421,4.037596702575684,17.043400275707242,6.727196975207577,6.97498364334211
1,14,0.975507926940918,3.9534149169921875,17.15828232765198,6.629342650738027,6.910463605117038
1,15,1.0306034088134766,4.119820594787598,17.753179931640624,6.91229474823508,7.139690370584262
1,16,1.0666263580322266,4.158402442932129,17.37400116920471,6.870948907219701,7.051888019506067
1,17,0.7656354904174806,3.836573839187622,16.252026188373566,6.399952609768758,7.017781471152553
1,18,0.8255931854248046,3.7829642295837402,16.443299388885496,6.45136092170659,7.012498581400348
1,19,0.7494842529296876,3.6707963943481445,16.04236187934875,6.153727107197046,6.720886174981075
1,20,0.6622882843017579,3.5780181884765625,15.625282859802246,6.023576981040339,6.68136001387283
1,21,0.47497329711914066,3.3102939128875732,14.890480947494504,5.697584384714977,6.442387513433171
1,22,0.5558820724487304,3.3401784896850586,15.298590505123135,5.9281408568099145,6.834760903743833
1,23,0.6515626907348633,3.5920143127441406,15.457013702392576,5.971877679156346,6.576329169957053
1,24,0.4423519134521486,3.365504503250122,15.439789426326751,5.894203494816191,6.77347922798422
1,25,0.6261601448059082,3.4247865676879883,14.47817058563232,5.6584899394296935,6.421405572265681
1,26,0.5632158279418945,3.6280202865600586,15.832646536827086,6.090999111783587,6.76578497279383
1,27,0.6232137680053711,3.6411352157592773,15.07048532962799,5.986948015492202,6.704557185585284
1,28,0.61336669921875,3.711688995361328,15.531924763321873,6.1473638383381894,6.800300552968676
1,29,0.6792774200439453,3.635995388031006,14.77206073403358,5.888678441817562,6.543122315164297
1,30,0.5712443351745606,3.4379844665527344,13.958581352233885,5.563850848256714,6.236748025167076
1,31,0.6475470542907715,3.6136302947998047,15.162549209594726,5.995446717673913,6.644615217821996
1,32,0.726034164428711,3.6133675575256348,15.279501748085021,6.082658375226375,6.854765601914495
1,33,0.8941558837890625,3.917541265487671,15.674226284027098,6.4059267414857946,6.911127316048441
1,34,0.8473140716552737,3.9981584548950195,15.468852353096008,6.440884630791843,6.911722622642997
1,35,0.9952022552490235,4.006575584411621,15.226021596789353,6.33768490202311,6.752125755367514
1,36,0.8983858108520508,3.8649864196777344,14.943135643005371,6.172343497015536,6.7227629998871
1,37,1.0595338821411135,4.0230817794799805,15.761315143108368,6.586205838107401,7.050200364676423
1,38,0.9648019790649415,3.731405735015869,14.608462464809417,6.0845047813177935,6.666703241504046
1,39,1.1660728454589844,4.196211814880371,15.822054624557488,6.715975353139349,7.025245409792648
2,0,2.539800739288331,16.214627534151077,30.814239472150803,17.13429089681297,9.32696956837055
2,1,2.124420928955079,11.612146377563477,22.888003778457637,12.673540699570957,8.537165943152948
2,2,4.584140872955323,11.905354738235474,21.28264503479004,12.849252605645193,7.590064430362867
2,3,3.9880502700805662,10.825973749160767,20.87205910682678,11.98760770669,7.69050773983506
2,4,4.374540400505066,10.82432222366333,20.133138144016264,11.986465161541062,7.41182904631422
2,5,4.035022926330567,10.030087947845459,19.875834369659422,11.377280382690433,7.338501814973471
2,6,4.4583402633667,10.214653491973877,19.852464103698725,11.630107211525448,7.2168200877941935
2,7,4.2090709686279295,9.716546058654785,19.758127784729,11.289232101329706,7.252088252194928
2,8,4.642967700958252,9.864526271820068,20.26543283462524,11.440059020494422,7.122919922302501
2,9,4.099421882629395,9.191246032714844,19.21110315322876,10.809674105757537,7.107232366705962
2,10,4.082998275756836,8.88432788848877,18.486624050140378,10.544397663993553,7.018568653431804
2,11,4.122106885910035,8.790006637573242,18.85673848986625,10.530526236009576,6.984310151427692
2,12,3.860545063018799,8.135576248168945,18.012957173585868,10.017129158804956,6.938595410146878
2,13,3.6094495773315436,7.8194475173950195,17.90153346061705,9.645937079866417,6.903857903281628
2,14,3.5823593139648438,7.590073585510254,17.65460624694824,9.437910250517954,6.858226239898582
2,15,3.240659713745117,7.14509391784668,16.863219070434564,9.02790801866601,6.860298456021379
2,16,3.2398930549621583,7.0717949867248535,17.44991154670715,9.038787796032718,6.893686994123029
2,17,3.4202278137207034,7.089801788330078,17.68462047576904,9.111663000015541,6.873311233194554
2,18,2.8345953941345217,6.583476543426514,17.432005977630613,8.529120239872071,6.910263295686128
2,19,2.7206193923950197,6.225646018981934,17.22628532648086,8.250950836166739,6.844125619899133
2,20,2.4825730323791504,6.119681358337402,17.180232691764825,8.152169644241738,6.902111384581246
2,21,2.3903264045715336,5.881949424743652,17.183943033218377,7.8897365006142195,6.8778506860636615
2,22,2.2623767852783203,5.636276721954346,16.17271925210952,7.741692908335891,6.8815118042974674
2,23,2.0819862842559815,5.470426559448242,16.43523041605949,7.582990066061417,6.878009405949608
2,24,1.741917991638184,5.064845561981201,16.237374114990235,7.184490848487864,6.95512358750934
2,25,1.7862400054931642,5.102535247802734,16.776041674613953,7.293494509396454,6.9461943512025535
2,26,1.4870634078979494,4.846773147583008,15.913952398300156,7.042412312395043,7.024396286639695
2,27,1.667655944824219,4.964478015899658,17.157148820161815,7.254002645157485,7.025499484565141
2,28,1.5592771530151368,4.769799709320068,16.160811781883236,7.005073246279628,6.9706512379690855
2,29,1.6288101196289062,4.846881866455078,16.356288599967954,7.083891965600972,7.029227534601085
2,30,1.4577415943145753,4.616595029830933,15.767102414369576,6.802534210292829,6.946698933202878
2,31,0.8809368133544924,4.182112216949463,15.58226894140243,6.435052292959558,7.020174642708402
2,32,0.7933816432952883,4.014557838439941,16.621821022033675,6.381620389645816,7.108813520617292
2,33,0.5912977218627931,3.9999513626098633,15.822044777870175,6.210955316178604,7.041224451438251
2,34,0.6668071746826174,3.968271255493164,16.108374547958373,6.310748696113006,7.1322578896061914
2,35,0.6356413841247559,4.014082670211792,17.06041977405548,6.311984545464317,7.136224384465464
2,36,0.5393911361694338,3.8463850021362305,16.351614105701447,6.138286262344983,7.097408431560841
2,37,0.3070125579833986,3.765340805053711,16.726591682434076,6.134540463350714,7.180313487913114
2,38,0.29273414611816406,3.774163007736206,16.235432338714595,6.153551673988502,7.1471794569863665
2,39,0.0,3.648953914642334,16.242084646224967,6.052144049604734,7.232861937955499
3,0,11.280087685585022,40.293774127960205,67.32018108367919,41.12846606446637,22.042054449879352
3,1,4.315306901931763,28.47676384449005,41.39849443435669,23.84813259026618,14.89898853593058
3,2,3.8144204139709474,25.269327640533447,36.84461154937744,21.304323494707546,13.143201436490747
3,3,3.826394891738892,22.251585841178894,35.75351991653442,19.52326240679456,12.180153369904763
3,4,3.3881669998168946,19.920348167419434,33.444546699523926,18.120039566953977,11.388548159660921
3,5,3.195190811157227,18.27583348751068,31.557223892211912,16.894567317532168,10.688208601231501
3,6,3.111547327041626,16.964067935943604,29.65407409667968,16.034676558872064,10.093574404789859
3,7,3.175248432159424,16.006968021392822,28.47959785461426,15.351755298177402,9.524450996604168
3,8,2.977511262893677,15.018752098083496,27.004978942871094,14.583686823182635,9.019840197576976
3,9,2.9239538192749026,14.068858742713928,25.59986686706543,13.722515288392703,8.46114197474273
3,10,2.8674981594085693,12.955636024475098,24.015679264068602,12.886199433671104,7.919905823592904
3,11,2.7235264778137207,12.339174747467041,22.689896011352538,12.283828922642602,7.553526398737064
3,12,2.5943671226501466,11.385148525238037,21.276823806762696,11.459288411670261,7.055290270715074
3,13,2.3144544124603272,10.499284744262695,19.763434600830077,10.675951985849274,6.62880375089249
3,14,2.3515119552612305,10.050552368164062,18.920290184020995,10.121237217651473,6.215868387020556
3,15,2.2232418060302734,9.36030888557434,17.880742073059082,9.561466559039221,5.908173347787889
3,16,2.1172576904296876,8.794652462005615,17.088954353332518,9.08634602142705,5.657463177149584
3,17,2.04551420211792,8.460851669311523,15.974516868591309,8.7072926910056,5.320842283306878
3,18,1.8998850822448732,7.757192611694336,15.156582641601561,8.145887651575936,5.067386324547009
3,19,1.7771102905273437,7.187573432922363,14.109453392028808,7.538686512576209,4.721680640859867
3,20,1.7153181076049806,6.637367248535156,13.683422851562499,7.2124447313282225,4.561161274297549
3,21,1.655567836761475,6.294538497924805,12.84263572692871,6.802014769315719,4.235368300483952
3,22,1.5206099510192872,5.892114639282227,12.08147964477539,6.377668908966912,4.061965387917102
3,23,1.4206085205078125,5.415857315063477,11.378703689575195,6.004367756909795,3.857864454533321
3,24,1.2762792587280274,4.965466022491455,10.637278175354004,5.5587401138411625,3.642541985166861
3,25,1.1910835266113282,4.746767997741699,10.20529556274414,5.298640735215611,3.542081095792859
3,26,1.2762233734130861,4.536424875259399,10.063368606567382,5.1762027837170494,3.4431732059326787
3,27,1.044714641571045,4.426393032073975,9.981455612182616,5.04908706843853,3.498393186096562
3,28,1.165244197845459,4.135080337524414,9.068731498718261,4.74285545832581,3.168034288141203
3,29,1.0196121215820315,3.9803409576416016,8.913862800598144,4.5552545615037285,3.108843762989623
3,30,1.0486361503601074,3.7569003105163574,8.225868320465088,4.263804929388894,2.85347548175902
3,31,0.8107803344726563,3.3403148651123047,7.6612035751342775,3.8495745921134947,2.675761380490358
3,32,0.4217091560363771,3.2153024673461914,7.739179229736328,3.734368574751748,2.8178854646890277
3,33,0.43517303466796875,2.962474822998047,7.02041835784912,3.4623048594925137,2.659652418605451
3,34,0.31045989990234396,2.940103054046631,7.171506690979004,3.435319842894872,2.6730224407859087
3,35,0.3379728317260743,2.9161243438720703,6.887362098693847,3.3496953741047117,2.5698858961580497
3,36,0.050225257873535205,2.703768730163574,6.534811782836914,3.1296220143636067,2.487804713506775
3,37,0.015561866760253982,2.6741418838500977,6.748500823974609,3.149258102642165,2.5864341543378586
3,38,0.0,2.5048954486846924,6.310400772094726,2.9669635531637404,2.521775567542789
3,39,0.0,2.692234992980957,6.730576515197754,3.137631477912267,2.6274266785863145
4,0,25.213982915878297,50.50237226486206,91.19194345474243,53.716868902378614,24.996102727932126
4,1,5.85279998779297,16.476841926574707,29.491280364990235,16.982569096485772,8.781025824499421
4,2,5.18212890625,14.375991344451904,24.93215980529785,14.619236227009031,7.358155796445669
4,3,4.799705886840821,13.247461318969727,23.688897705078123,13.757842499017716,7.205102314011499
4,4,4.326182556152344,12.143512725830078,22.183089447021484,12.718164260254966,6.749908862659887
4,5,3.8558473587036133,11.453906536102295,21.07882804870605,12.065113457838693,6.596758044405687
4,6,4.057675504684449,11.177803039550781,20.039382934570312,11.68457909742991,6.184825028917814
4,7,3.676773834228516,10.867420196533203,20.129269790649413,11.45894063949585,6.308328419271751
4,8,3.7835412979125986,10.483740329742432,19.277801418304442,11.176428184774187,6.070162251603632
4,9,3.3825080394744873,10.036827087402344,19.025392341613767,10.707897585233052,6.018569239462239
4,10,3.284056854248047,9.498426914215088,17.828843402862546,10.113440780904558,5.612230766465782
4,11,3.0328915119171143,8.977916717529297,17.301358795166017,9.727130124833849,5.587846212673834
4,12,2.7150327682495123,8.387371063232422,16.53607292175293,9.116601158645418,5.377964562520408
4,13,2.642915058135986,7.976934432983398,15.67128620147705,8.694018089108997,5.098451332964621
4,14,2.666910552978516,7.78482723236084,15.166004943847657,8.47993972937266,4.883808713221073
4,15,2.536297130584717,7.555017948150635,14.950148391723632,8.212408491108153,4.833042690003838
4,16,2.484556865692139,7.2758893966674805,14.686097717285156,8.088091196484037,4.8600650759007475
4,17,2.3042442798614506,7.231928825378418,14.444022560119627,7.905500574906667,4.798702335516016
4,18,2.063021945953369,6.846038818359375,14.202578735351562,7.595590473413467,4.7968786350858
4,19,1.8470479965209967,6.140861511230469,13.295038509368895,6.963729748460982,4.551658667872776
4,20,1.7987182140350342,5.995887756347656,13.34176788330078,6.8920706409878205,4.618824707631418
4,21,1.6202297210693364,5.808629989624023,13.019821166992188,6.688522692124049,4.46687482017585
4,22,1.471957015991211,5.638690948486328,12.472536373138427,6.45265211224556,4.425052674648247
4,23,1.55889892578125,5.377340316772461,12.30827522277832,6.29600209845437,4.342528670856779
4,24,1.3485987186431885,5.163084030151367,11.67839307785034,5.945968645281262,4.135201211548299
4,25,1.3025131225585938,5.227687835693359,11.915306186676025,6.024472201135423,4.256228595618479
4,26,1.1219003677368165,4.855044364929199,12.03822135925293,5.850382639302148,4.314140617271798
4,27,1.0744370460510255,5.106825828552246,12.598236083984371,6.068503433465958,4.5784732956634375
4,28,1.1572529315948488,4.993791580200195,12.136039924621581,5.914724513159858,4.326276788370977
4,29,1.2304386138916017,4.973947525024414,12.052026748657227,5.925941278934479,4.307992686607045
4,30,0.8904922485351564,4.6711273193359375,11.345022964477538,5.5747314642535315,4.145925334995946
4,31,0.82679443359375,4.410942077636719,10.888186264038085,5.267214098771413,3.9398941841183084
4,32,0.43128242492675795,4.32396674156189,10.950994491577148,5.206447863048977,4.168616095328667
4,33,0.4930513381958008,4.315465927124023,10.864344024658203,5.163751516474618,4.0848827961980705
4,34,0.8880607604980468,4.401878356933594,11.184509086608886,5.384642597171996,4.2049781430353805
4,35,0.5484455108642579,4.239694595336914,11.035928726196289,5.175732588238186,4.149086035339363
4,36,0.3814994812011722,4.024297714233398,10.82675838470459,4.975032465325461,4.0442162784225015
4,37,0.5904417991638184,4.119697093963623,11.033127737045286,5.114039941628774,4.109106646624914
4,38,0.273089599609375,4.176763534545898,10.864786052703858,5.043002748754289,4.087910120635967
4,39,0.41804103851318375,4.215178489685059,11.081365585327148,5.151636635462443,4.170113211339703
5,0,17.11843423843384,38.26844525337219,62.9083134651184,46.708481200933456,36.04781833759254
5,1,2.5578551292419434,10.284263610839844,20.22771644592285,12.001795731385549,10.501143363091595
5,2,3.3601348876953128,10.17522144317627,20.05036811828613,12.167927224636077,10.14803854655354
5,3,3.0339596748352053,9.64921760559082,18.960825538635245,11.551964585251278,10.018178813301411
5,4,2.8816248893737795,8.707939147949219,17.48100337982177,10.655050134526359,9.296265418186527
5,5,2.6449657917022704,8.283955097198486,17.294666671752925,10.23287526567777,9.083719246998726
5,6,2.7203803062438965,7.991001605987549,16.150367164611815,9.80627297507392,8.604790497265443
5,7,2.700306749343872,7.900638580322266,16.804022407531736,9.82336355275578,8.753665258784443
5,8,2.7195539474487305,7.6400604248046875,16.245207786560055,9.552209991481568,8.25870146240803
5,9,2.4897388935089113,7.377744674682617,16.44420051574707,9.347129876216252,8.298093216840874
5,10,2.530815267562866,7.181798458099365,15.796027946472167,9.049072260856628,7.8877359966598215
5,11,2.4709283828735353,6.8553361892700195,15.77251682281494,8.81801490439309,7.791485152060345
5,12,2.2922657012939456,6.650293827056885,15.112911796569824,8.446945283942753,7.507187645958856
5,13,2.1134639739990235,6.22542667388916,14.398471832275389,8.026700748337639,7.228761766026488
5,14,2.2057796478271485,6.199739933013916,13.433202934265136,7.82891135401196,6.900632723578427
5,15,2.0336457252502447,5.90998649597168,13.118995094299315,7.585403732856115,6.941181833027831
5,16,2.0674209594726562,5.9151716232299805,13.521842765808106,7.650280252827538,7.0067103160038915
5,17,1.8418493270874026,5.584173202514648,12.966515922546384,7.151013261874517,6.52852047916962
5,18,1.8297185897827148,5.37468147277832,12.904443550109864,7.0184196962250605,6.530557971516652
5,19,1.5684447288513184,4.939562797546387,11.979242706298823,6.524958937830395,6.202371360880503
5,20,1.7132448196411134,5.080139636993408,12.128621292114257,6.647708398368623,6.235867696555185
5,21,1.3262428283691408,4.72150182723999,11.912428283691405,6.2760020852088925,6.0752115898189265
5,22,1.4161015510559083,4.6674394607543945,11.319314575195312,6.130769080056084,5.945575225529462
5,23,1.298141670227051,4.433761119842529,11.64969253540039,5.999542373948627,5.935996267975197
5,24,1.0859559059143067,4.271186828613281,11.016994285583495,5.789734907415178,5.998701945447772
5,25,1.1035636901855468,4.287012100219727,10.781407165527343,5.774089337719811,5.745937407436939
5,26,0.9617706298828125,4.198186874389648,11.36961402893066,5.768401000234816,6.052412409877604
5,27,1.1559070587158204,4.315567493438721,11.036173439025879,5.879535301393933,6.06130473530584
5,28,0.9523681640625,4.257164478302002,11.199541854858397,5.817502385112975,6.028723691925416
5,29,1.01943416595459,4.2924041748046875,11.201710128784178,5.828840543826421,5.981986157022352
5,30,0.9257328033447266,4.1086297035217285,10.434103393554688,5.503645369344287,5.630679900700704
5,31,0.7727939605712891,3.887606620788574,10.436192321777343,5.408695445193184,5.728309370119656
5,32,0.7246581077575687,3.8758983612060547,10.264692497253417,5.3900599039925465,5.91953013393152
5,33,0.7100388526916506,3.831721305847168,10.555965614318847,5.409476461013158,5.924940338756115
5,34,0.8865131378173831,3.9516072273254395,10.68320159912109,5.537210232814153,6.012728951115678
5,35,0.7817661285400391,3.7697458267211914,10.529025077819822,5.34917040348053,5.8320219053646705
5,36,0.4581781387329102,3.5683135986328125,10.493608093261718,5.037874806722005,5.629439862813371
5,37,0.3366458892822267,3.5447425842285156,10.42484188079834,5.134150648381975,5.961155974888451
5,38,0.5380205154418947,3.71943998336792,10.501312446594238,5.239782661729389,5.767280839704319
5,39,0.5420865058898927,3.962228775024414,11.068341827392578,5.571085560321808,6.301603353044907
6,0,5.64492506980896,17.75786828994751,23.227710056304932,15.843774415221478,6.461409532656821
6,1,1.168186902999878,5.240891456604004,8.685307216644286,5.051200487746133,2.993685071637835
6,2,1.0948627471923829,4.524193286895752,7.638937950134277,4.397173605991735,2.5241054244388312
6,3,1.1449504613876342,4.442208766937256,7.2670135498046875,4.29904776563247,2.393766785922181
6,4,1.0344010829925538,3.881960868835449,6.935006141662598,3.9053067946765156,2.3265571558271665
6,5,1.0617094755172731,3.799614191055298,6.848239517211914,3.861711478498247,2.289984718144414
6,6,1.035633945465088,3.607785224914551,6.732281303405761,3.7304954813917477,2.247461146476314
6,7,1.0785292625427247,3.6480140686035156,6.768896198272705,3.7721692236430115,2.276939496337954
6,8,1.0172972440719605,3.443202018737793,6.795863914489746,3.7026910882525974,2.3184677531739664
6,9,0.9966443061828614,3.335557460784912,6.672598266601561,3.6382461457947888,2.2923162971491156
6,10,0.9784041404724121,3.2880730628967285,6.726698970794677,3.618735229290194,2.2920723689244102
6,11,0.9346224308013916,3.156161308288574,6.485527992248535,3.4793302281035317,2.2509479928728005
6,12,0.9397555112838745,3.1018331050872803,6.438298416137695,3.448204358998272,2.210602618251972
6,13,0.9027272939682007,2.905691146850586,6.186604928970336,3.301635080244806,2.1986044903416997
6,14,0.8937710762023927,2.9255619049072266,6.041627597808837,3.2507150866919092,2.142002933816218
6,15,0.8412210941314697,2.796872854232788,6.0261979579925535,3.17212401110265,2.1687337525745374
6,16,0.8412695169448853,2.798006534576416,5.90902304649353,3.145210769424836,2.098785101856803
6,17,0.8290958166122436,2.6623549461364746,5.914755153656004,3.0559396583504146,2.108821679969323
6,18,0.7820551633834839,2.599938154220581,5.975609493255615,3.0285673266649247,2.1377118419396837
6,19,0.6477695226669312,2.430095672607422,5.621363925933837,2.8380298581057124,2.0598737201727952
6,20,0.7110408782958985,2.4251840114593506,5.618769073486328,2.862249301092492,2.055970914829827
6,21,0.6084877967834472,2.2590320110321045,5.695688915252685,2.7876006770465107,2.1538958498928173
6,22,0.5770208835601808,2.2094786167144775,5.43489294052124,2.6712385683920647,2.0727264614265457
6,23,0.5826473712921143,2.176914930343628,5.409358596801757,2.676691252324316,2.08560135957004
6,24,0.5426017761230469,2.02911639213562,5.189684200286864,2.5679618411262832,2.0507777149597852
6,25,0.5136411666870118,2.0627474784851074,5.222426986694336,2.5374324166940316,2.0113051820977885
6,26,0.4599126100540161,2.0523228645324707,5.336903619766235,2.5630547247661486,2.0948563916653424
6,27,0.47774333953857434,1.9651885032653809,5.362483310699463,2.561456452326642,2.1008616112403256
6,28,0.4710019111633301,2.002928614616394,5.363474655151367,2.5628374555044706,2.091020445223296
6,29,0.49806830883026126,2.037593722343445,5.36434097290039,2.5544375878572465,2.05766117082955
6,30,0.4358214616775514,1.9274296760559082,5.169534873962402,2.4694987648559943,2.0531736545697843
6,31,0.39577918052673344,1.7860093116760254,5.052331066131591,2.356774546504021,2.080593104224601
6,32,0.3211842060089112,1.7844864130020142,5.040799856185913,2.3318919762306742,2.0310187391517407
6,33,0.2271046161651612,1.778299331665039,5.10935115814209,2.3336001991728943,2.073236466940065
6,34,0.3817262649536133,1.8875741958618164,5.322846508026123,2.4639787429571154,2.086021530531283
6,35,0.33827829360961925,1.7418503761291504,5.114464378356932,2.337308776113722,2.0783376262842514
6,36,0.2995464801788331,1.7158870697021484,5.042077732086182,2.289439693821801,2.053189280040251
6,37,0.2609444618225099,1.704468011856079,4.9890389919281,2.2749174032608668,2.0828124269342485
6,38,0.26413302421569823,1.653592586517334,4.917403697967528,2.244421559141742,2.040410182028369
6,39,0.18556041717529304,1.7610082626342773,5.291211223602294,2.3591744262973466,2.138652744497451
7,0,11.152105212211609,22.53561043739319,37.38126125335693,24.175731550653776,9.89592847832668
7,1,2.3843812942504883,6.827906131744385,13.40123462677002,7.647637649112277,5.144463684862441
7,2,2.30642352104187,6.395187616348267,11.551838207244872,6.796554572251108,3.9797260850311504
7,3,2.424222707748413,6.121544361114502,11.23612422943115,6.701021394199795,4.194525438713711
7,4,2.0751625061035157,5.35036563873291,10.465434646606445,6.067709719969167,4.088616239645637
7,5,1.987446117401123,5.164608478546143,10.11262798309326,5.942838057643837,4.159224118165524
7,6,1.9389226436614992,4.941396713256836,9.689525508880614,5.708221971028381,4.00827259640727
7,7,2.034251117706299,4.910575866699219,9.855293560028075,5.793780863351292,4.159997814554728
7,8,1.8296953678131105,4.77588415145874,9.96170072555542,5.63881823145681,4.267038734015238
7,9,1.742833423614502,4.680115699768066,9.771028804779052,5.546480563051171,4.2410804813926966
7,10,1.816782331466675,4.55237340927124,9.597440719604492,5.508102067973879,4.2288970468844385
7,11,1.6427056312561035,4.409870147705078,9.557676792144775,5.362015025566022,4.194438186544084
7,12,1.5833672523498536,4.271077394485474,9.52462100982666,5.279930231538084,4.207574746816088
7,13,1.4515994071960452,4.04890251159668,9.09716739654541,5.036884146134058,4.228751673545539
7,14,1.5050957679748536,3.934206962585449,8.864906883239746,4.99224387731817,4.232877732034016
7,15,1.3710397720336918,3.74235463142395,8.715538787841796,4.777800678859155,4.195613314970156
7,16,1.3551311492919922,3.8144359588623047,8.582812023162841,4.777897405922413,4.110214050202964
7,17,1.3020687103271484,3.5613794326782227,8.235643577575683,4.576082860297627,4.052195689373754
7,18,1.2707530021667481,3.490866184234619,8.509157943725585,4.558332402937942,4.114362472733663
7,19,1.047480583190918,3.32653546333313,8.005229187011716,4.337679637637403,4.0949539971146764
7,20,1.1214957237243652,3.400108814239502,7.892781734466552,4.387682608217001,4.115438137769506
7,21,0.9412510871887209,3.069655418395996,7.613812828063964,4.155192451477051,4.1888491334777616
7,22,0.9230127811431885,3.0895118713378906,7.426440048217772,4.103530527121491,4.1263568134681865
7,23,0.9245145320892334,3.112687110900879,7.7846141815185526,4.157521962241994,4.158046462672634
7,24,0.8523880004882813,2.870908737182617,7.284436225891113,3.908724163307084,4.085732634710932
7,25,0.807310199737549,2.8327999114990234,7.058573532104492,3.843077034884029,4.016819098343519
7,26,0.7767246723175049,2.9140748977661133,7.3855905532836905,3.941729568640391,4.098510248299639
7,27,0.7625760555267335,2.8708653450012207,7.408035087585449,3.9307605219549604,4.146537262496533
7,28,0.6883268356323244,2.9094858169555664,7.225920677185059,3.9220573106076984,4.111767545390412
7,29,0.8729784965515137,2.880643606185913,7.001334190368652,3.9121876101030244,4.088612804790168
7,30,0.6760441780090334,2.691256523132324,7.007408905029297,3.760395583907763,4.144634969896469
7,31,0.4849275588989258,2.581080675125122,6.834547996520996,3.6450382927722402,4.170758545994386
7,32,0.5069414138793946,2.685105323791504,6.817175865173339,3.6725133855806456,4.043731285005301
7,33,0.6204234600067139,2.609654426574707,6.80235013961792,3.64913664424585,4.091990579059484
7,34,0.650110912322998,2.679152250289917,7.303363704681396,3.760063561134868,4.109797109417954
7,35,0.5510396957397461,2.4932899475097656,6.721659135818482,3.572077008850045,4.10855890996027
7,36,0.3276629447937012,2.4380860328674316,6.7273303985595705,3.4953218233419787,4.140772821769671
7,37,0.38291292190551773,2.437086582183838,6.939100170135494,3.5098892052637205,4.168181495323716
7,38,0.39758462905883807,2.457914352416992,6.890083312988281,3.5275297134121257,4.098876967721778
7,39,0.35457277297973633,2.5187783241271973,7.062783479690552,3.602619425919321,4.167305485526861
8,0,13.578012824058533,26.30349373817444,40.225084114074704,25.975747979150878,9.637269033293917
8,1,3.1074294567108156,8.059161186218262,15.869230365753172,8.785729419522815,5.112770305186764
8,2,2.746643304824829,6.9460132122039795,12.129707479476929,7.389335892332925,3.8854654845210472
8,3,2.6771663665771483,6.630690097808838,11.84183712005615,7.136257640454504,3.9150981300083085
8,4,2.3283368587493896,5.6727378368377686,10.871996307373047,6.3212057832876845,3.734139113938896
8,5,2.2073709964752197,5.6549177169799805,11.028591442108153,6.294732426338726,3.8532048167155635
8,6,2.2813858032226566,5.350127220153809,10.413586616516113,6.0073016024960415,3.658519384874977
8,7,2.258356714248657,5.418124675750732,10.770147323608397,6.111229416794247,3.737740143115274
8,8,2.0090454101562503,5.028588771820068,10.800477409362793,5.888144908613628,3.8448958461432543
8,9,2.0473552703857423,5.0425801277160645,10.755232143402099,5.870202672349082,3.855016649651317
8,10,2.0759291648864746,4.960827827453613,10.84420518875122,5.850790056917402,3.8130069982108745
8,11,1.903095293045044,4.8006815910339355,10.408590412139892,5.617327498859829,3.7184498287560253
8,12,1.8266968250274658,4.641268730163574,10.36702241897583,5.551001411014133,3.7013578209112614
8,13,1.6661269664764404,4.404615879058838,9.951128578186035,5.254149912926886,3.704814511915241
8,14,1.6615710735321045,4.272207260131836,9.81264877319336,5.179507637553745,3.6615038441170573
8,15,1.5993136405944826,4.18958854675293,9.57868499755859,5.036559814479616,3.6387449923071857
8,16,1.5427576065063477,4.196018695831299,9.568704605102537,5.0540094829267925,3.6205949313553343
8,17,1.4739646911621096,4.135035514831543,9.53690366744995,4.935748797721333,3.546269936376857
8,18,1.430349397659302,3.969942092895508,9.39550952911377,4.846801169051064,3.6052101757913624
8,19,1.1970280647277833,3.741962194442749,9.210971546173095,4.615261042912801,3.605988088243376
8,20,1.3137356758117678,3.7608344554901123,8.94571371078491,4.655182534986072,3.5376283007226172
8,21,1.002365779876709,3.4806699752807617,8.913099002838134,4.411228804985682,3.6402611631629527
8,22,1.0537320137023927,3.5371570587158203,8.908454608917236,4.448088378840023,3.609618646503135
8,23,1.034576416015625,3.5064544677734375,8.964413356781005,4.4237561871608095,3.6024257999291183
8,24,0.9691391944885255,3.239381790161133,8.467910957336425,4.198926184707218,3.5402754185846685
8,25,0.7825749397277834,3.217972755432129,8.355775833129883,4.103726193441285,3.4953993299095516
8,26,0.8213178634643555,3.2742536067962646,8.586295032501221,4.187481610708766,3.5506657085756848
8,27,0.8704864501953126,3.2541353702545166,8.751803874969482,4.217365004354053,3.6154506425446167
8,28,0.7865600585937501,3.3008522987365723,8.92792158126831,4.21910105003251,3.5854458773929894
8,29,0.8848475456237794,3.305617332458496,8.730119991302486,4.216073169112206,3.6000686267031545
8,30,0.8387363433837891,3.0929765701293945,8.508453464508056,4.08005907535553,3.5957756279169706
8,31,0.6047604560852051,2.9750733375549316,8.40529851913452,3.967804712851842,3.6222843998509298
8,32,0.621112060546875,3.0132956504821777,8.658374977111816,3.9594717845651837,3.514035106584529
8,33,0.6006742477416993,2.963688850402832,8.289527320861815,3.9209708368778227,3.6477332529982016
8,34,0.6921601295471191,3.0199437141418457,8.484711647033691,4.005379796955321,3.635886488256855
8,35,0.5226039886474609,2.833767890930176,8.442384529113768,3.835271026028527,3.623093973569171
8,36,0.4695625305175782,2.782111644744873,8.240095329284667,3.8231877764728335,3.6743603948266372
8,37,0.46895046234130866,2.7066307067871094,8.143617057800292,3.7613660973972745,3.6899583467651436
8,38,0.3702688217163086,2.7773702144622803,8.342190170288085,3.7897531433900196,3.6363723537376913
8,39,0.2992663383483888,2.84246826171875,8.568928337097168,3.8486163764529757,3.7163020939187366
9,0,15.995221519470215,22.2114155292511,37.914547538757326,25.744560317728254,8.112062378840049
9,1,4.341795444488525,9.084370136260986,14.364906120300294,9.229379124623827,3.851148665064232
9,2,4.027753448486328,8.202828407287598,12.83872776031494,8.3407063849974,3.5003877711454763
9,3,3.7075270652770995,7.583051681518555,12.646041965484619,7.919310002732608,3.5230000830101083
9,4,3.033435153961182,6.714598655700684,11.60727729797363,7.1055262087508,3.3927009383097935
9,5,3.1643831729888916,6.832880973815918,11.863378000259399,7.206009620167315,3.4260534140547754
9,6,3.18011589050293,6.502503395080566,11.435986089706422,6.979573398409153,3.3131562253827735
9,7,3.143077278137207,6.758638143539429,11.62799801826477,7.136717136768728,3.404508663709704
9,8,2.7978654861450196,6.277990341186523,11.543394708633421,6.745711753676749,3.4478088083152536
9,9,2.6912265300750735,6.10541296005249,11.431904220581053,6.677678911044883,3.481483674846056
9,10,2.729686450958252,6.191897392272949,11.215475749969482,6.673207207372308,3.4406389174745047
9,11,2.474065971374512,5.971993923187256,11.119554281234741,6.425879796927588,3.4306766793887546
9,12,2.438165283203125,5.7494471073150635,10.792932653427124,6.263839389379654,3.407184907737964
9,13,2.0735601425170898,5.372196197509766,10.598530769348143,5.977297549252398,3.459443529550927
9,14,2.1225189208984374,5.33475661277771,10.325519943237303,5.859221218837839,3.3489223577299456
9,15,2.0064292907714845,5.127140283584595,10.215024375915528,5.69367237276915,3.3457235793486184
9,16,2.0185380935668946,5.173586845397949,10.35057382583618,5.755474718176863,3.403788452184871
9,17,2.0066676139831543,5.0395588874816895,10.05479574203491,5.640256713351442,3.310209271117061
9,18,1.7295876502990724,4.808532238006592,9.921085834503174,5.421115240034544,3.3439087812042363
9,19,1.4701016426086426,4.601541042327881,9.820975303649902,5.176331271065606,3.378224698616365
9,20,1.5896745681762696,4.654947757720947,9.529940700531006,5.213538159902932,3.273332746174025
9,21,1.262007999420166,4.333667755126953,9.014855194091798,4.83987998069057,3.2347328121507197
9,22,1.3364419937133791,4.380516052246094,8.99468536376953,4.910554856490344,3.238903419423834
9,23,1.3286627769470216,4.133985996246338,9.25640902519226,4.840948195159435,3.2985697043486706
9,24,1.1436763763427735,3.987149477005005,8.605639362335202,4.575031302992461,3.1821082774073064
9,25,0.925955104827881,3.8378424644470215,8.77044506072998,4.4922019236410655,3.2728716368350357
9,26,0.9891945838928223,4.000922203063965,8.902488899230956,4.594692504427706,3.2809924215871873
9,27,0.92279281616211,3.9228873252868652,9.075410699844358,4.543757880102429,3.3127306790878794
9,28,1.0313272476196291,3.8680052757263184,8.952107238769528,4.523394091376621,3.248564819064114
9,29,1.0395012855529786,4.004744052886963,8.880670738220214,4.621221537254751,3.2612255303713793
9,30,0.791832447052002,3.585313320159912,8.55755062103271,4.238046527931259,3.2097947451623163
9,31,0.7694609642028809,3.5087366104125977,8.361830902099609,4.167079628437447,3.1757357018212686
9,32,0.72616605758667,3.7035131454467773,8.269679737091062,4.269855754085713,3.194407266261679
9,33,0.7980476379394531,3.4888391494750977,8.390223598480222,4.1516385445743795,3.226656380504071
9,34,0.8091323852539063,3.6283938884735107,8.578812456130981,4.285358022634302,3.294779914951525
9,35,0.614382839202881,3.44667911529541,8.290172290802001,4.078992924632297,3.185064109664409
9,36,0.5076874732971193,3.385509490966797,8.161975669860839,4.02837243537729,3.1992544553266677
9,37,0.46112871170043945,3.226337432861328,8.219866752624512,3.896540961406297,3.1698157644118514
9,38,0.41737089157104507,3.3874378204345703,8.576087760925292,4.0459906339127985,3.266666131949171
9,39,0.41562623977661134,3.3907246589660645,8.7389554977417,4.095931138789489,3.3923557930532935
10,0,14.509547328948974,24.992600440979004,35.015344047546385,24.74831093562974,7.5663201487993605
10,1,4.572113656997681,7.847919225692749,13.36082773208618,8.477676591575145,3.683782271774704
10,2,3.760213899612427,6.843756198883057,11.390303516387938,7.278288570774926,3.1059002896076873
10,3,3.3847862243652345,6.471404075622559,11.077237033843994,6.9364929604033625,3.2614684643315357
10,4,2.725617218017578,5.766561031341553,10.06395959854126,6.167185451958535,3.0928127276912076
10,5,2.726179838180542,5.809837579727173,10.565404796600342,6.316330735509594,3.2684043174977178
10,6,2.702291297912598,5.695967674255371,9.99892578125,6.130693372189999,3.052835149303916
10,7,2.66102876663208,5.890845537185669,10.422950172424317,6.319346118188567,3.246825601361603
10,8,2.315185356140137,5.567880630493164,10.066055488586425,5.948381993307008,3.255044288615106
10,9,2.392891788482666,5.4472596645355225,10.262140941619872,5.995176641369859,3.323723259949663
10,10,2.2789030551910403,5.459463596343994,10.177985572814942,5.912867730433742,3.2315879587580456
10,11,2.213848114013672,5.281967401504517,9.894268226623534,5.777574546797098,3.2258771011846314
10,12,2.169880867004395,5.155144691467285,9.521944522857664,5.593020459711552,3.094956690289251
10,13,1.6890066623687747,4.795569181442261,9.26629180908203,5.220700827803877,3.133184579013394
10,14,1.7493565559387207,4.757796287536621,8.981296730041503,5.161386704958147,3.045957539341864
10,15,1.7147926330566408,4.60927414894104,9.033689641952513,5.069197200404274,3.0332567420217584
10,16,1.748347854614258,4.730142831802368,9.075510120391845,5.180560272307032,3.0940414034535535
10,17,1.679848384857178,4.680658340454102,9.136429977416991,5.113585265825193,3.0385057289182096
10,18,1.503489971160889,4.4295876026153564,8.77545096874237,4.897989517980152,3.0423674070540163
10,19,1.2779911041259766,4.32735013961792,8.370721340179443,4.670877658658558,2.9377827064279214
10,20,1.4899356842041018,4.3195085525512695,8.54512162208557,4.770521790153451,2.9565025145934003
10,21,1.4062463283538817,4.073188066482544,8.281359744071958,4.579106948011451,2.94985492071499
10,22,1.348375463485718,4.122130393981934,8.18513751029968,4.5620400828123095,2.943620935284782
10,23,1.14061598777771,3.9725899696350098,8.492467212677,4.536642040287455,3.0872370096769672
10,24,1.0873949050903322,3.932591438293457,7.871158695220947,4.322914045717981,2.883397498578954
10,25,0.9663811683654785,3.7563540935516357,7.9518283843994135,4.2231210904320085,2.90394815664239
10,26,0.9514914512634277,3.8566970825195312,8.283250045776366,4.372496406270398,2.9814471450187203
10,27,0.9937636852264404,3.8413872718811035,8.354129409790039,4.369173330105841,3.0235414347471683
10,28,0.9808566093444825,3.8500823974609375,8.070596361160277,4.303053315306704,2.9749605431824935
10,29,1.0492305278778078,3.946624279022217,8.242074108123777,4.415284834653139,3.0003957383088626
10,30,0.8257427215576173,3.605679750442505,7.9392087936401365,4.103255573747059,2.909449205826228
10,31,0.7776963233947755,3.5617239475250244,7.792210721969604,4.0326297107007765,2.9255969181358084
10,32,0.7367645263671875,3.6874613761901855,7.747440338134766,4.1009320665606195,2.8800064472445435
10,33,0.8255919456481937,3.5750551223754883,7.6909173965454105,4.04295856995715,2.9133139759554254
10,34,0.8354768753051759,3.632439136505127,7.90512647628784,4.1370663745287395,2.987732665499606
10,35,0.662681007385254,3.486769676208496,7.715059757232665,3.9469196218748888,2.918315512622638
10,36,0.7081977844238282,3.5305733680725098,7.636501789093016,3.986785891221629,2.8943143214560885
10,37,0.6643251419067383,3.3654181957244873,7.597634410858154,3.881386665933662,2.8885467490651826
10,38,0.608950424194336,3.4447264671325684,7.825021743774414,3.9439881146616407,2.921423423503501
10,39,0.3771498680114749,3.4526638984680176,7.8501212120056145,3.901141872256994,3.0468232819381202
11,0,18.181161975860597,26.2388334274292,35.418008136749265,26.65477107723554,6.352045705746555
11,1,5.440537977218628,10.208477973937988,15.559661865234375,10.410551334559504,4.000482313588136
11,2,4.668277359008789,8.959023833274841,14.125371837615965,9.23870200771735,3.7562746831802407
11,3,3.919667911529541,8.048709392547607,13.541120529174805,8.485572606185452,3.791724398853601
11,4,3.471508502960205,7.477004289627075,12.963853675127028,7.912997753925414,3.7359393149196594
11,5,3.0506153106689453,7.4185569286346436,12.935017198324202,7.777312739330551,3.877964528547244
11,6,3.4065322875976562,7.329965591430664,12.96839189529419,7.815938324223065,3.7545873328085797
11,7,3.309074449539185,7.394110679626465,13.258906412124633,7.875631719994256,3.8675202154705457
11,8,3.0254579544067384,7.270714521408081,12.96134065389633,7.711061806621082,3.9091606306163733
11,9,2.947443962097169,7.175286293029785,12.879369854927061,7.5840410017465345,3.93230052428359
11,10,2.998416042327881,6.986637115478516,12.572004222869873,7.474968916264479,3.787449670755117
11,11,2.934224033355713,6.823890924453735,12.378626418113708,7.320195882312126,3.816195957365125
11,12,2.725111961364746,6.594203948974609,12.118721079826354,7.109987690303889,3.735775172999164
11,13,2.2980125427246096,6.179065227508545,11.683338594436645,6.683251580172736,3.749815607102206
11,14,2.4421279907226565,6.141634225845337,11.400415182113647,6.6140454040550525,3.639136499865048
11,15,2.1342758178710937,5.980769157409668,11.186269378662109,6.427571091040687,3.617412282787845
11,16,2.2652384757995607,6.022716522216797,11.505576419830323,6.559449914361919,3.73532651083958
11,17,2.2360940933227544,6.07138204574585,11.784955739974976,6.610626792182318,3.7812365742284584
11,18,2.071706008911133,5.826704025268555,11.280806636810302,6.326040918032328,3.678570141670784
11,19,1.7519326210021973,5.540045499801636,10.909025955200194,6.053391245912968,3.6741264281077357
11,20,1.9848116874694823,5.7054266929626465,11.066322898864746,6.201622711422129,3.652594710826772
11,21,1.8483574867248536,5.420781135559082,10.911540126800537,5.9770072347029215,3.6328889823044066
11,22,1.72803955078125,5.37311315536499,10.690917444229123,5.8466228680467855,3.571633867082326
11,23,1.5856565475463869,5.342669486999512,10.838317108154296,5.872695827616845,3.679482747707156
11,24,1.4216213226318364,5.031380653381348,10.386058521270751,5.55796430988496,3.5494977303245223
11,25,1.1450754165649417,4.916455030441284,10.356913900375366,5.467241784747069,3.6478236426848083
11,26,1.3272837638854984,4.959807634353638,10.531601190567015,5.555489546124655,3.6909513708751374
11,27,1.287780284881592,5.142899751663208,10.796831607818602,5.696729377453837,3.7899477693050594
11,28,1.1861956596374512,5.063502073287964,10.547167205810547,5.560605024666422,3.7194432022248125
11,29,1.3854990959167481,5.2479236125946045,10.685980224609375,5.7487748178881075,3.7173774882706785
11,30,1.3865950584411624,5.029708385467529,10.298211240768433,5.5340495297090255,3.6009959432280594
11,31,1.092919731140137,4.847319602966309,10.04271183013916,5.311045269406944,3.5513575528596864
11,32,1.0280748367309576,4.870314598083496,9.836387300491332,5.331836143217515,3.5814666074795256
11,33,1.0062231063842775,4.832403898239136,9.978697681427002,5.314860412604175,3.576356346582507
11,34,1.1588886260986329,4.955897331237793,10.297886109352111,5.490254761233098,3.68045199801683
11,35,1.059716033935547,4.816437721252441,10.332527256011963,5.359435023754421,3.6164880955174357
11,36,1.051948070526123,4.802142858505249,10.001204776763917,5.275070633617126,3.5984905052016116
11,37,0.7991968154907231,4.630615234375,9.868864130973813,5.130224320461146,3.647557681210351
11,38,0.7771882057189943,4.609546899795532,10.197927618026734,5.158673500956761,3.685141569329143
11,39,0.6116724014282228,4.674970626831055,10.370814275741576,5.175124081744451,3.722869867620105
12,0,5.6718912601470945,18.561020851135254,22.291086196899414,16.045382301277584,6.634081195062206
12,1,4.731631019711495,7.718166172504425,11.207347351312636,7.856902516055076,2.443876731046768
12,2,4.345629730820656,6.996038854122162,10.447259640693664,7.212255695925818,2.3250241193062333
12,3,3.4972411688417195,6.142386615276337,9.530052351951598,6.3266496243167465,2.3592503978895474
12,4,3.175919246673584,5.81748715788126,9.255688905715942,6.0033705283652266,2.3445081575770277
12,5,2.8358983039855956,5.471346080303192,8.970153903961181,5.709190453635787,2.411968029121501
12,6,2.878588151931763,5.416226029396057,8.939492669701576,5.714757543926179,2.357477141950819
12,7,2.9028428196907043,5.395179986953735,9.052115076780318,5.682604876054037,2.4599228354274985
12,8,2.6930682718753816,5.344541549682617,9.017076444625854,5.622575144988692,2.4569349798198235
12,9,2.5190552830696107,5.119181275367737,8.990526497364044,5.463316446272915,2.5342658238702214
12,10,2.37425754070282,4.967314720153809,8.719350421428679,5.263136346259723,2.4538484865729275
12,11,2.351038932800293,4.920736312866211,8.771784168481826,5.243309863057997,2.5037863368089215
12,12,2.1263579368591308,4.619202613830566,8.35691116452217,4.962461629597496,2.4438889940609987
12,13,1.8661370754241944,4.3956125527620316,7.922655868530273,4.685826044667564,2.37662326296754
12,14,1.9255127787590027,4.29280424118042,7.82460840344429,4.599571139855931,2.3096904227600694
12,15,1.6847189903259279,4.151200294494629,7.46871109008789,4.406850828633695,2.3117541028555824
12,16,1.7556700706481934,4.203344702720642,7.7516832709312435,4.512198525112536,2.355619284803444
12,17,1.7154524326324463,4.216409802436829,7.859752097725868,4.5455505989452165,2.4219146467885104
12,18,1.5025405406951904,3.971850335597992,7.600702440738678,4.289787945699257,2.390014046944106
12,19,1.3699649810791017,3.7278380393981934,7.272322404384613,4.046071928274921,2.3111730470996843
12,20,1.3452919006347657,3.730104684829712,7.413169503211975,4.092227373687137,2.3753045381816245
12,21,1.3660461425781252,3.5868866443634033,7.114869630336761,3.937162072044383,2.276885026238981
12,22,1.2271402835845948,3.4564850330352783,7.1335128650069235,3.8392608039091445,2.3173878168138624
12,23,1.164047718048096,3.423255681991577,7.123684000968932,3.8172145407031186,2.3480347336284813
12,24,1.0503739833831787,3.2492835521698,6.751115024089812,3.597549827751807,2.2563838763920385
12,25,0.8569896936416627,3.1998119354248047,6.919919496774673,3.5986806111371457,2.3902198913448727
12,26,0.79236798286438,3.185669831931591,6.972247648239136,3.5949713686591065,2.420508167047123
12,27,0.7874851703643799,3.233191728591919,7.111726951599121,3.6450790740575436,2.449132654761461
12,28,0.8547115325927734,3.243034780025482,6.8642146348953235,3.5911099805490165,2.3883186210583176
12,29,0.8834511280059817,3.2356250286102295,6.923601508140563,3.6261240620078103,2.4007685881786216
12,30,0.9432382583618164,3.2112101912498474,6.724645888805389,3.5750688923890186,2.2979546499050336
12,31,0.6430410385131836,2.999152898788452,6.529687404632568,3.3825221407082346,2.3616464411756537
12,32,0.6435747623443604,2.9915789365768433,6.640786266326904,3.3650208139515274,2.3218145921833635
12,33,0.5295442581176758,2.9139163494110107,6.5355672359466555,3.292552023181278,2.3373382146170907
12,34,0.664519262313843,3.109449863433838,6.587598156929015,3.441076684339593,2.3449139562285803
12,35,0.670792055130005,2.972763776779175,6.712817192077635,3.3607533361136706,2.3490539463243105
12,36,0.5490787506103516,2.9065728187561035,6.598465085029602,3.3007757410965213,2.3664551857177987
12,37,0.3760525703430176,2.8103057146072388,6.548581445217132,3.192864499806116,2.3876296699065995
12,38,0.4144653320312502,2.728656530380249,6.430356550216674,3.1651698019888457,2.351059875908417
12,39,0.18961029052734377,2.789933204650879,6.632085084915155,3.1925816004386998,2.4609869069656685
